{
  "__version__": "1.0.0",
  "builder": {
    "taskOptionsMap": {},
    "__version__": "1.3.5"
  },
  "gizmos-infos": {
    "is2D": true,
    "is3DIcon": false,
    "iconSize": 2,
    "gridVisible": true,
    "gridColor": [
      166,
      166,
      166,
      255
    ],
    "isIconGizmo3D": false,
    "iconGizmoSize": 2,
    "isGridVisible": true
  },
  "": {
    "sculpt_brush_rotate": 0
  },
  "camera": {
    "fov": 45,
    "far": 2000,
    "near": 1,
    "color": [
      48,
      48,
      48,
      255
    ],
    "wheelSpeed": 0.030001,
    "wanderSpeed": 10,
    "enableAcceleration": true,
    "far2D": 10000,
    "near2D": 1,
    "wheelSpeed2D": 6,
    "size": "__default_design__"
  },
  "camera-infos": {
    "f46876e4-e81b-4931-b493-6d367be385e7": {
      "position": {
        "x": 282.58650693087475,
        "y": -1933.6254132080212,
        "z": 5000
      },
      "rotation": {
        "x": 0,
        "y": 0,
        "z": 0,
        "w": 1
      },
      "viewCenter": {
        "x": 0,
        "y": 0,
        "z": 0
      }
    },
    "b4dee328-bac7-48ff-9e0b-f011d7b27845": {
      "position": {
        "x": 176.75295532484898,
        "y": 720.7232710489195,
        "z": 424.4808399959984
      },
      "rotation": {
        "x": -0.4064758474338616,
        "y": -0.14875804925546726,
        "z": -0.08636853219903651,
        "w": 0.897323188645215
      },
      "viewCenter": {
        "x": 960,
        "y": 962,
        "z": 0
      }
    },
    "5708aa89-1d4f-4592-b596-97216738b257": {
      "position": {
        "x": 1.671538221392014,
        "y": 17.244370732531728,
        "z": 15.073906550001869
      },
      "rotation": {
        "x": -0.1771245267456985,
        "y": 0.0018612598877455182,
        "z": 0.00033526089225284256,
        "w": 0.9841866313544788
      },
      "viewCenter": {
        "x": 1.6664383971171577,
        "y": 16.742790553619898,
        "z": 13.725544090337179
      }
    },
    "bda0eb37-1ea3-4579-b90d-80d6ac9a44a5": {
      "position": {
        "x": 227.3811683578934,
        "y": 648.6198562417874,
        "z": 5000
      },
      "rotation": {
        "x": 0,
        "y": 0,
        "z": 0,
        "w": 1
      },
      "viewCenter": {
        "x": 0,
        "y": 0,
        "z": 0
      }
    },
    "4a624d97-6de6-423b-adda-1dbd83a4ab59": {
      "position": {
        "x": -5.646200913408492,
        "y": 8.866114657073263,
        "z": 10.839119837788182
      },
      "rotation": {
        "x": -0.2998207541248049,
        "y": -0.22620344443408535,
        "z": -0.07340848165564204,
        "w": 0.9238780828351769
      },
      "viewCenter": {
        "x": 0,
        "y": 0,
        "z": 0
      }
    }
  },
  "camera-uuids": [
    "bda0eb37-1ea3-4579-b90d-80d6ac9a44a5"
  ],
  "float-window": {
    "position": {
      "cc": {
        "Camera": {
          "dock": false,
          "top": null,
          "bottom": 10,
          "left": null,
          "right": 10
        },
        "ParticleSystem": {
          "dock": false,
          "top": null,
          "bottom": 6,
          "left": null,
          "right": 7
        }
      }
    }
  },
  "game-view": {
    "scaleValue": 71,
    "sliderValue": 34
  }
}
